tempo,chroma_stft_mean,mfcc_mean,zcr_mean,spectral_centroid_mean,rmse_mean,spectral_bandwidth_mean,chroma_cq_mean,mfcc_delta_mean,harmonic_mean,percussive_mean,spectral_rolloff_mean,spectral_contrast_mean,tonnetz_mean,poly_mean,cluster,song
[161.49902344],0.4492343,4.601629,0.04718724729219761,1423.410258567588,0.31110215,1737.2540840292577,0.42263234,-0.00031755722,9.852955e-06,-1.9014164e-05,2908.476786491007,23.192297294010704,-0.04027205328397635,3.010796567692937,2,Aggressive Phonk - apmtbeat.mp3
[86.1328125],0.44964603,2.46327,0.10399576375526846,2229.1996007823027,0.23587935,2234.6398899464725,0.4228246,0.0014422555,-4.140586e-05,4.946578e-05,4407.197960868781,20.68008776985414,-0.04144397244742586,2.792948216018117,2,FIND ME - kòudǎ.mp3
[129.19921875],0.49740073,5.7139697,0.054615827352749904,1958.1567163042969,0.26963723,2407.9556938398455,0.38707063,0.0008893131,-5.89843e-07,-7.443512e-07,4451.607653767767,22.274466181208574,0.009201060831709608,2.6752944560485488,2,Dead Inside - АДЛИН.mp3
[99.38401442],0.5491086,6.079966,0.0959641778267318,2232.4770015160107,0.33494842,2239.354395036771,0.4881186,-0.0027162663,0.00032635502,0.0007729865,4468.363209000393,20.90861489229914,0.026103854282999585,3.2536066922810893,2,Drip (No Mayo) - TroyBoi_Icekream.mp3
[135.99917763],0.47954282,6.1681194,0.10356944175696595,2603.4096311101625,0.32330704,2635.356935665519,0.52302593,0.0055165226,-0.00012448983,-0.00017733467,5551.268098907943,21.085517792322147,0.009536401363625952,3.6791254744500885,1,Bar Bar Bar - Crayon Pop.mp3
[107.66601562],0.5022614,4.9233265,0.10770290126741486,2394.9282704525626,0.28535375,2389.7950748912767,0.6157714,-0.0017652478,0.008423759,0.010118604,5001.783088235294,21.058691220548262,-0.0049866498815653495,3.090645302370636,2,Do It (0.75X) - Young Music House.mp3
[123.046875],0.34223723,-2.715613,0.043134508634868424,1074.4149524413776,0.15079251,1456.447110679039,0.4002156,0.0044059968,-3.209193e-05,0.00047007512,2106.058931616438,24.327050280315497,-0.015402788609328054,1.3269166390425746,0,Dogs - HVOB.mp3
[107.66601562],0.39674854,2.366058,0.09906259070239938,2317.0331699949197,0.3018873,2405.1879319979935,0.4360719,0.0025472695,-0.00010833229,-0.000118017604,4881.067151521382,22.46985549552613,-0.03773759088004775,3.7716191536502466,2,Fearless Pt. II - Lost Sky_Chris Linton.mp3
[95.703125],0.43661037,3.9377723,0.0508793597619969,1587.2781587901602,0.17352861,1945.3282130033674,0.38489074,0.0045362767,-1.4856404e-06,-0.00010508402,3587.841638145801,23.76671107815381,0.0497700041458069,1.5558494261811706,2,Chase - HSX.mp3
[129.19921875],0.3700627,3.932803,0.1342319925503096,2890.3671527638676,0.21294709,2761.297113143684,0.40809506,0.0036860306,1.7958321e-06,7.263437e-05,6185.942594451432,23.573235309270345,-0.007440266787464384,2.778038625354224,1,Cheerio! - SuggestedCopy7.mp3
[103.359375],0.4015351,7.0504284,0.08298521248548761,2292.4989171521997,0.2822401,2691.3850929843024,0.41391456,0.0047357352,-7.0037754e-07,0.00012120934,5179.382014318885,21.925221017482944,0.03151517026224185,3.0646028246825696,2,Balenciaga - T3nzu.mp3
[95.703125],0.46174344,3.4954262,0.08063174076270505,2078.65326061136,0.39346877,2307.7199657469455,0.61425316,-0.0010184008,-5.5013887e-05,7.1916336e-05,4396.4148275106045,20.987911365518613,-0.013943661741148694,4.294020829825699,2,BUSTER - $atori Zoom.mp3
[107.66601562],0.47704127,3.9581845,0.06279843737535896,1826.9843455353002,0.27135372,2181.5274903813515,0.43033504,-6.234393e-05,2.86296e-07,-6.8838e-05,3955.0976858522454,22.186603136801914,-0.03526043626175244,2.7690576289074134,2,Drive Forever - T3nzu.mp3
[129.19921875],0.3272243,2.8686624,0.10972548918827399,2521.087331831529,0.22501992,2584.746276663683,0.4549353,0.0032836834,1.3774162e-06,6.559247e-05,5362.547573408475,24.70528207566908,0.04461579807150188,2.8957167380932205,1,A Song for a Happy Day (New Version) - 音乐小鱼.mp3
[103.359375],0.5446498,3.9905026,0.07751963706946595,1861.7569063039612,0.17056394,2084.4538687538766,0.49060565,0.0050754007,-1.3074115e-06,3.6755384e-05,3846.638406570482,21.147681009724636,-0.003486351682512664,1.8726228875372601,2,Decepticons - Maga.mp3
[123.046875],0.39079735,3.014638,0.13236488365905572,2743.9535312306125,0.23408753,2533.5510533207703,0.44514978,0.0049368828,-1.8271169e-06,-4.159331e-05,5524.338261748984,22.111088891343094,0.01000474572652123,2.9781453021216993,1,Body Shots - Kaci Battaglia.mp3
[86.1328125],0.31240988,3.1378865,0.10286090484713623,2561.4414933698677,0.25768602,2644.1635347547244,0.4406508,0.00447543,1.1740889e-06,-8.1003636e-05,5388.002419486504,24.851636059906106,-0.007008523175724913,2.702993395273005,1,Baby you - 芝麻Mochi.mp3
[112.34714674],0.48642093,1.9408821,0.10320920206075851,2569.2108881929357,0.20618375,2728.070195619135,0.57474524,0.006128802,1.1681194e-06,1.7609248e-06,5735.605317579334,21.44304259073865,-0.005149873926084813,2.2749516872470403,1,Drunk Groove - Марув.mp3
[123.046875],0.4278117,3.8483737,0.10298546947561919,2394.263225214852,0.2936708,2464.1861996588777,0.47605416,0.004773281,-6.2715612e-06,-0.00013010645,5099.610830017657,22.776766272812942,0.04970535317077341,3.2221665891481397,1,BonBon (Monkey MO Remix) - Monkey Mo.mp3
[99.38401442],0.44626376,2.704696,0.07590384940982972,1978.1607443566627,0.2739567,2115.297034126364,0.49466342,0.0054163123,-9.216471e-05,0.0023747203,4041.747226774139,22.135782424437245,-0.010567101715312721,2.3554730018555077,2,B___h (Bonus Track) - Honey Cocaine.mp3
[143.5546875],0.4901357,4.096397,0.12851486914667182,2987.705670757994,0.35312888,2759.4691193594426,0.3654395,0.0010837674,0.0003294406,0.0012662942,6231.483985735536,21.38788176887337,0.04411432866989902,3.8392172218330347,1,GDFR [K Theory Remix] - Flo Rida_Sage the Gemini_Lookas.mp3
[99.38401442],0.45601892,-0.32123527,0.06625122448239164,1635.5670729498402,0.21353891,1739.4126898661914,0.5286579,0.0002760325,4.080065e-07,2.0364826e-06,3263.100268479102,23.496087812079203,0.009886496618674155,1.742032211617363,2,Delivin (Original Mix) - Mike Odi.mp3
[143.5546875],0.3541626,1.3291638,0.09991466415924923,2346.7915929718224,0.31711978,2254.203113464865,0.39966404,0.0060932925,0.0010682467,0.0022285297,4679.293371619824,21.440097619181472,-0.02110335983369658,3.6347651573499475,1,East of Eden (Matstubs Remix) - Zella Day.mp3
[99.38401442],0.44644517,-2.5792193,0.124072265625,2784.5124251130655,0.15569103,2719.1270209294967,0.46646214,-0.0027228459,1.5767015e-05,8.149568e-05,5918.487545048858,20.478072907772223,-0.007141732987746073,1.5616361143002853,1,Desanimado - Prime.mp3
[143.5546875],0.51864034,3.4042351,0.03820936834849071,1484.8957234931158,0.27467996,2008.4183112450053,0.45713636,0.0041463366,0.07494961,0.0040020426,3135.1860419589298,21.01733040006479,0.011889006107426974,2.298467900942398,2,Black Suit - KVPV.mp3
[129.19921875],0.5541248,5.169994,0.08103042460816563,2130.666140084834,0.26221588,2418.534345970403,0.479611,0.0068031284,-0.00035830375,0.0016155364,4703.651557662539,19.632612326333405,-0.022625918035969843,2.5239631601644046,2,Black Magic-Beathunterz - GRABOTE.mp3
[117.45383523],0.53699905,5.1937046,0.07198769773123065,2010.4616802235814,0.28009665,2331.770435172126,0.48243973,0.0053891856,-7.690132e-06,8.52066e-05,4295.042361799778,21.053475715161365,-0.007381101284621848,2.4339309668985463,2,21 Questions (SNBRN Remix) - SNBRN_50 Cent.mp3
[103.359375],0.47648093,6.700191,0.10414336118904799,2604.3520896345753,0.26612037,2597.8887172953137,0.3740387,-0.0004822947,1.1692532e-05,0.0003507925,5550.0431063153055,21.738081228684308,0.0460241573304367,2.720083211850442,2,Dzin Dzin - Slider & Magnit.mp3
[172.265625],0.478079,8.096445,0.10521191103908668,2489.926127023364,0.32919785,2578.784399679451,0.59265894,0.0063441736,-0.01587852,-0.0044407807,5338.83105015238,20.440212581293615,-0.0036518547030922224,4.397861661951154,1,D.T.M. - Simon Curtis.mp3
[161.49902344],0.34971827,-6.1224456,0.12748698420568885,2512.697443103036,0.28025258,2218.0445467320365,0.4138622,5.186952e-05,0.0002524198,0.0023630615,4852.018993838284,24.11963917310916,-0.036275415383115225,3.0536084618891137,1,Cradles - Sub Urban.mp3
[103.359375],0.45307308,3.8817923,0.1031607518624226,2708.448862179062,0.30375758,2760.5857033334423,0.52324057,0.0037623707,-3.2155776e-06,0.000130909,5880.371108867066,22.234403382861096,0.011005203164026055,3.0506509376709166,1,Don't Stop - Alex Marvel_Pash Velper.mp3
[129.19921875],0.32111895,0.2282316,0.0863900293875774,2060.830043372129,0.2168451,2324.168005056457,0.4430126,0.00064378284,1.1774888e-06,0.00019931745,4223.0161306658765,24.871849006068313,0.005160676928012623,2.367629173247601,1,99次我爱他 - 很美味.mp3
[112.34714674],0.3706383,3.0617728,0.1294890885013545,2638.897642436605,0.1700837,2620.0681879681324,0.5855874,0.0049675074,1.620102e-05,3.3461783e-05,5472.673574158282,21.969329008090334,-0.012053011237098545,2.297901926861515,1,Gimme On Up - Ariana Grande_Nicki Minaj.mp3
[143.5546875],0.4775649,7.3400097,0.13497121710526316,3041.501399846976,0.29715127,2848.835230357381,0.5497211,0.005577095,-1.0079661e-05,1.912822e-06,6479.434153081463,21.56683463379831,0.016844326182822215,3.758460073955534,1,Honey - 王心凌.mp3
[95.703125],0.35696712,1.7436548,0.1188528716379644,2751.1662868512185,0.24014746,2706.5277744417235,0.37604317,0.0027449182,3.5934853e-08,9.498615e-05,5838.369696177197,23.951186631759,-0.0169953528290891,2.842600200990306,1,Grind Me Down (Jawster Remix) - Jawster_Lilianna Wilde.mp3
[112.34714674],0.40174317,4.7781944,0.06689484478676155,1685.4217623536365,0.20507729,1922.8315868899952,0.5943765,-5.9706706e-10,-9.808464e-06,-9.863294e-05,3657.4666323727124,22.311698392888047,-0.00476530048274934,2.1751996774870506,2,Juless Edits - Shou.mp3
[129.19921875],0.34902012,3.229475,0.08581459824883901,2607.0522448154334,0.2993015,2811.776032782773,0.45990077,0.0049325163,-3.130315e-07,-2.9728837e-06,5913.702573982924,23.237863174576425,0.006550124986143258,2.973711622148912,1,Häschenparty (Album Version) - Schnuffel.mp3
[129.19921875],0.3141271,2.6720214,0.05751915332333591,1710.4181570755136,0.19213097,2247.9428078129035,0.31616294,0.004990014,3.667789e-05,0.00023063502,3715.1008686266446,24.226416177778855,-0.08308878087532652,2.071480537284788,0,I Believe - 陶喆_Tension.mp3
[117.45383523],0.33259055,-3.2868233,0.11439318583107586,2803.0485271587345,0.17646873,2608.1861335021445,0.4683071,-8.93147e-10,-4.3284535e-06,2.8733332e-06,5729.022024054277,24.54713039204474,-0.017808614250321778,1.7685864739212134,1,Ievan Polkka (Replica ver.) - 初音ミク_Otomania.mp3
[86.1328125],0.4547185,-1.0091952,0.0952684337509675,1910.5462285566107,0.19238324,1861.8306372673092,0.46963894,0.0051417095,-1.2739663e-05,-4.35803e-06,3905.704716071256,23.441802496965575,-0.018827939125397472,2.057413706617082,2,ili - TroyBoi.mp3
[107.66601562],0.522981,3.9208255,0.05191601260158669,1408.5531701398015,0.23172808,1791.0656459944328,0.53096634,0.0031397317,-2.364005e-05,0.00015863357,3030.431675394253,21.98834203530789,-0.00047035172065966013,2.0399569572684606,2,House Music-sean paul（GRABOTE remix） - GRABOTE.mp3
[95.703125],0.4111806,-1.0756224,0.02855991800503096,912.6687598067667,0.22851914,1297.3192014794715,0.4227677,-0.00037314347,7.669335e-06,0.00011328072,1832.7322510521478,23.241482330911925,0.041163075496195085,2.0040551675964884,2,Italia e voi（Orginal Mix） - HSHK_贰皮_VodKa_Pnan.mp3
[112.34714674],0.5012357,3.4062612,0.07786187116086274,2178.89829307706,0.2747716,2477.5330533611123,0.48383045,-2.8394134e-05,-7.05581e-05,-0.0008451682,4829.068434606214,21.618390617408068,-0.02367362900533096,2.6087565220102347,2,Low - Lylytan__Kie Lee.mp3
[123.046875],0.5009894,5.0415845,0.04365884408862229,1586.3747061022118,0.36060327,2075.949069676684,0.5047712,-0.0027624927,2.6614247e-05,0.00077907374,3368.091300279363,22.335491106714667,0.019633136824123595,2.9566499874373307,2,Kiss - Basiaga.mp3
[92.28515625],0.50816196,3.7282376,0.10105279416454081,2298.0573809822154,0.18036173,2442.1515566932094,0.3969282,-0.0023344103,-1.8283685e-06,5.1606403e-05,4896.02783203125,21.987787888995776,0.007996986409087994,2.1186109055580364,2,Maga-Such a Whore（Maga remix） - Maga.mp3
[86.1328125],0.49221498,2.3319678,0.07422858997145096,2111.358800170978,0.13637383,2480.044386379405,0.52177733,0.0015694903,1.981291e-06,-2.1561727e-05,4647.536399147727,21.52587203899208,-0.00473860468462146,1.3652437652726193,2,Plain Jane - KEVIN.mp3
[99.38401442],0.4224679,0.8668671,0.08629691899373844,2072.0766963921087,0.14048034,2312.1922318760817,0.419039,-0.00019985554,-3.9185193e-06,1.6801958e-05,4592.66772941093,22.052965865411917,-0.020412189873535228,1.6639338406001978,2,Mandee-Superstar（Low Speed） - Speak.mp3
[172.265625],0.534299,0.86678845,0.15154889464009288,3069.743287152051,0.2798367,2537.913641010516,0.42311615,-0.0054450757,-1.10538695e-05,-0.001377133,5927.052493257788,21.97948917584699,-0.014315225221613052,2.837389108771405,1,Let Me Tell You Something - Grandtheft_Jackal.mp3
[107.66601562],0.41498357,1.7533722,0.06656671766157121,1870.2819101143616,0.27361816,2205.3968453194843,0.502456,0.0029773496,-4.320138e-06,9.801504e-05,3991.619196558146,22.77836404015168,-0.01821212509297789,3.1564335523767455,2,Lifestyle - МAGES.mp3
[117.45383523],0.40931714,1.8503276,0.06726671342879256,1769.8596176136855,0.27610728,2131.015742679475,0.53157103,0.0048746835,1.7352786e-05,0.0008931078,3622.468095431018,23.612880108477828,0.03520956533582978,2.5239517315123736,2,Lordly (Instrumental Mix) - Feder.mp3
[103.359375],0.45316118,5.8969297,0.0713164999758127,1896.6888504805902,0.27624905,2183.0329437268038,0.40736452,0.00083417585,4.6122077e-06,0.00020326066,4136.196655651364,22.985168278468315,0.05011941486339095,3.106945364783231,2,Mantra (Original) - PROBASS ∆ HARDI.mp3
[123.046875],0.41397977,-1.157152,0.06680549172794117,1748.1908213874187,0.24042314,1831.1858573583327,0.43622184,0.0014531082,-9.3669965e-05,-0.00093357987,3571.643402760981,23.510488595435493,-0.010095281634666454,2.0863094278934673,2,Morsmordre (ZHANG JUN Remix) - ZHANG JUN（张俊）_Crazy Donkey_Ghetto Artist.mp3
[80.74951172],0.34100023,0.5883145,0.07780525512467314,2223.8279470001607,0.26906547,2500.3305954184984,0.5407118,-8.779851e-05,2.232973e-05,-3.76819e-05,4966.309136386055,22.603041830755263,0.037090272171822744,3.2000374281178767,2,Night Drive - Wilee.mp3
[123.046875],0.46302548,3.1425047,0.07188973913989938,1833.8273175543059,0.2774412,2145.672231637611,0.40899795,0.00060494745,-4.223022e-05,0.0006415488,3888.786485040151,21.56760145406241,-0.017675889783538474,2.5189708214914854,2,Morsmordre - Crazy Donkey.mp3
[117.45383523],0.45835137,4.6734185,0.06285766979489164,1871.6179163814704,0.30477655,2040.7226290234112,0.40571538,0.0051229647,1.3815845e-05,-3.592728e-05,3996.59916644495,22.63235090877647,-0.039358282770296474,2.895097405068128,2,Morze - GANG MUSIC.mp3
[107.66601562],0.28149635,-1.1797626,0.06343234508030186,1994.1131198710923,0.23095036,2457.304264573043,0.35305727,0.0039876043,-9.475966e-06,-0.00023458624,4526.259296995937,24.628524354968583,0.01748824433382049,2.192723400916052,0,Melody(Live) - 陶喆.mp3
[103.359375],0.49701968,7.762033,0.0597525487374226,2041.958867627755,0.3074091,2381.5373427699114,0.42332655,0.0042936145,-1.4587172e-06,-3.392636e-05,4676.77005354465,21.3471758330744,-0.013071503160506905,3.1438354270180673,2,Opr (Gangster remix) - GANGSTER CITY.mp3
[92.28515625],0.5041654,-1.7721648,0.11174618747581269,2852.6726599341387,0.3069989,2878.0362378451764,0.34557998,0.0021816432,3.4431994e-06,0.00012947366,6110.403051228715,23.34058668523033,0.04191328783015148,1.5897061965883539,1,Mark - Shahmen.mp3
[143.5546875],0.4243869,7.323149,0.1444218780234133,2937.885222757917,0.28910694,2740.1393705529754,0.5398111,0.0054841284,-1.1041076e-05,-0.0004991148,6135.941230136174,22.431435356729512,-0.012306974472180293,4.097641878045549,1,Magical Happy Show ! - Machico.mp3
[151.99908088],0.37658077,2.9217105,0.1858625193498452,3637.2285785089134,0.15198804,3128.2741076153693,0.476054,0.00013797998,-0.000102369624,-0.0009603507,7586.97078929228,21.84750033294525,0.033882692606256704,1.9781277833167548,1,Popipo - 初音ミク_blastxtrap.mp3
[123.046875],0.35616603,2.367565,0.08142224445274887,2327.039746586952,0.26456785,2601.5296044146125,0.4291244,-8.277187e-06,1.3461294e-05,0.00026503706,5174.9463906771725,22.404198375179423,-0.03031895782260498,2.838155760294068,1,Relax - Junona Boys.mp3
[103.359375],0.5104832,7.8745975,0.07484709087171053,2243.7860257567304,0.29077733,2477.629579891571,0.4010493,0.0021679203,-1.020523e-06,-7.4995434e-05,5035.497884366535,22.4191569904756,0.0013975126872299364,2.9504558095808187,2,PSY or DIE (Extended Mix) - Les Requins_花叔_SharkRecords_MIRBRO_Les Requins Records_Adiljan Tohti.mp3
[99.38401442],0.3749385,5.577289,0.09694370706753096,2456.662719506542,0.26668757,2635.3604060304424,0.5674313,0.0050918716,0.00035360584,0.0016051233,5647.679182589976,22.308581051576894,-0.003268271210723049,3.036038351919044,1,Pit of Vipers - Simon Curtis.mp3
[107.66601562],0.48042274,3.9534302,0.06234173113734248,1831.0627269696388,0.2713389,2184.3309294035594,0.42886496,-0.00027364242,1.7283627e-06,-6.9427835e-05,3964.3094095512142,22.197665090496745,-0.03569259675191341,2.7689616679852103,2,Polozhenie - Sassydee.mp3
[123.046875],0.36212474,4.4686556,0.07356418101780186,1909.6061006040927,0.3055614,2181.5764533506376,0.42362243,0.0061141527,-1.2159108e-05,-1.298588e-05,4159.854845926858,23.108884228120516,0.04160969668250558,3.3765272020055708,2,MusicDJnanchen - 姜辰辰_AJIMUSTANG.mp3
[92.28515625],0.5151572,8.321127,0.05043325512770898,1831.3781262574978,0.31636497,2249.3853532995277,0.42430648,0.0010240369,-1.0274183e-05,4.269624e-06,4219.004488257063,21.194328214684084,0.004472284236939162,3.158299534563267,2,OPR（remix） - 大善人.mp3
[129.19921875],0.38044214,2.924208,0.10827485548084366,2389.6388098838916,0.22574559,2421.911724358774,0.45908958,0.004761962,-3.7281923e-06,1.9399225e-05,4886.432119080157,22.587283980067564,0.03450667234612805,2.8371754014691652,1,New Boy - 房东的猫_陈婧霏.mp3
[89.10290948],0.44819668,6.3875914,0.04697794722329721,1321.592465102969,0.35633466,1685.912941844977,0.4600982,-0.0011616673,-0.00013145765,-0.0009911687,2789.0681348865614,21.972145108730597,0.025926633676872,3.7801410704891305,2,Rompasso-Angetenar（DEITIES remix） - DEITIES_Ghetto Artist.mp3
[129.19921875],0.31748846,0.9846043,0.06703249704923561,1936.2862916808353,0.23436707,2369.6761286215187,0.2769542,-3.0445538e-10,2.5027433e-05,0.00017810315,4270.808755339478,23.274187884648654,0.047329428005795614,2.152569437960314,0,Schnappi - Joy Gruttmann.mp3
[95.703125],0.50756,2.359562,0.05027445034345975,1343.3918404119236,0.22346233,1553.5129794880743,0.4684303,0.00036395094,-5.4977404e-06,8.9835354e-05,2761.819966319176,21.96408695867282,-0.01113039080780019,1.9137228691360437,2,SAMURAI - OsMan.mp3
[123.046875],0.45376575,6.0952935,0.05739766725352113,1924.5192554718785,0.30681777,2480.732518247265,0.29262224,-3.9532264e-05,1.1727343e-05,0.00022777889,4589.9872496698945,23.401131244277636,-0.06864917235666396,3.0275260723541506,2,streets x kiss it better - sped up - INDRAGERSN.mp3
[107.66601562],0.40167966,-2.3297632,0.10889646925793343,2262.4079843908457,0.18135688,2243.0779319980043,0.47178033,0.0037847983,3.57516e-07,-0.00028319377,4430.828207388013,21.73701241910756,0.011599954844512508,1.8245567698336678,2,Sexy Back (Remix) - Full Crate_Melissa Kanza.mp3
[103.359375],0.5302715,5.22178,0.09549836433339784,2491.9556544163133,0.20628126,2520.1312700048843,0.45288175,0.0049189837,5.2697317e-07,-0.00019706062,5313.396203953415,21.406160356579495,0.0055091652495806625,2.1617102179418697,2,SexyBack（Slowed） - 黑空.mp3
[83.35433468],0.3364455,1.0185102,0.09516261428502322,2387.8787241396312,0.1483577,2604.0613612204397,0.40799525,0.0031217192,-1.1114265e-05,-0.0001791943,5306.004581982876,23.526765310779364,-0.0012765721673847,1.5855760425647614,1,Susan说 (Live) - 陶喆.mp3
[123.046875],0.50177634,3.784065,0.12859045447948916,2716.9848940337924,0.27533567,2591.9769202088673,0.57251465,0.005588085,-2.4744656e-07,3.1093827e-05,5621.379341621517,21.57454894348555,0.011930704360363725,3.100845008732768,1,Sueta - Aini.mp3
[117.45383523],0.40884778,1.7482855,0.08887308315595975,2327.6288900481914,0.2382713,2524.1221995109895,0.51730806,0.004361561,8.817637e-07,-3.2181753e-05,5007.926384420956,23.00050375919099,0.02815011952694958,2.5514473516363836,1,Sweet Dreams (Radio Edit) - DJ Dark_MD DJ.mp3
[99.38401442],0.47092474,0.66644216,0.11155548568111455,2478.7882029601365,0.24154493,2376.9599830734733,0.40194845,0.0027140523,-0.0014009906,-0.00092785346,4969.211618523848,22.83218569225537,-0.03760211910677567,2.455397379594108,2,Talk Dirty - Jason Derulo.mp3
[107.66601562],0.48891774,5.4282064,0.06397119148868817,1908.5564806361847,0.2654983,2359.7819994390698,0.58346456,-0.0020610385,-1.8234647e-05,8.61022e-05,4251.41339409136,20.431930181228655,0.003647588552128835,2.9744974536350557,2,Weyrleader - Maga AQ.mp3
[117.45383523],0.48927256,7.2281423,0.06034459980575868,2273.2697350781655,0.27467722,2679.675413767139,0.3704352,2.1752383e-06,-1.8052285e-06,-0.000114429735,5326.405098477491,23.351936202077457,0.003189339855753148,2.1550364401996576,2,The Weeknd-The Hills（CokeCod _ 7unknown _ L. K remix） - 7ouTp_7unknown_7SixTeen.mp3
[99.38401442],0.45810133,3.6043987,0.05852360681114551,1621.2575961237721,0.24458435,1949.986221556631,0.43200818,0.0040423973,4.770231e-05,0.0001990471,3605.3848653976393,22.64381871701466,-0.02696408174435402,2.4921310359578857,2,Throttle-Like This (VIP Edit)（DruGTRaffickerS remix） - DruGTRaffickerS.mp3
[99.38401442],0.44669804,5.0194974,0.06143258392995356,1815.03444048431,0.28446627,2242.757378656209,0.42557696,0.0041898624,-1.301056e-06,-0.0003321931,4007.972431005708,23.00895689567937,0.023554200179880257,2.6596578162099376,2,Tuesday (Original Mix) - Burak Yeter_Danelle Sandoval.mp3
[112.34714674],0.51235735,3.3367043,0.03414431356424149,1575.47771343563,0.26955214,2111.9806953057,0.40399155,0.004448646,0.00018564246,0.0015272507,3468.5923592298764,21.831600684104046,-0.04894156342240487,1.9595932713653563,2,West - KVPV.mp3
[80.74951172],0.29453522,0.6448853,0.08312096374322755,2055.443743589581,0.19770905,2385.5996038603816,0.3796932,0.0052584144,-3.0147035e-07,3.2067586e-05,4419.234944157556,24.674444261164584,-0.006817321776991509,2.031750512818804,0,Upupu - 苏二零_鱼骨妹.mp3
[95.703125],0.39760882,2.5073357,0.11299839862606759,2225.677882473769,0.21582176,2290.933426107761,0.44706443,-0.007090668,1.1343566e-05,0.00017118677,4490.404484717323,21.567388618993967,0.008325270155366942,3.3180223709137784,2,人家拿小拳拳捶你胸口 （好汉歌 隐藏曲目 黎子明calculasian／嘟督不噶油 remix版） - 黎子明.mp3
[103.359375],0.44470277,2.0909252,0.09237056767608359,2198.2844374943015,0.17826292,2364.3141292697483,0.47388467,0.004923351,-1.4196097e-06,-5.675305e-06,4838.492408965025,21.45947882880951,0.0011574465743227587,2.045545695990047,2,Wiley (Soner Karaca &Can Demir Remix) - Soner Karaca_Can Demir.mp3
[103.359375],0.4917789,2.6538327,0.07329051787035515,2245.0992277133596,0.235833,2458.1218514774696,0.42132798,-0.0008676502,7.3009476e-05,0.0011631353,4873.1051323642,21.779110816180392,0.03044818647845068,2.5126357518443867,2,Я буду ебать (feat. IHI) - MOREART_IHI.mp3
[123.046875],0.2513043,-0.89050174,0.1023056632755842,2558.7884286785425,0.2082957,2603.7413702057534,0.39102915,0.0005853243,-0.00010386102,9.419445e-05,5321.029742269339,24.61850497661013,-0.0006243635302084602,2.0119720974298483,1,ชอบเธออะ - Bell玲惠.mp3
[161.49902344],0.35245588,4.015162,0.10026041666666667,2299.6964841341332,0.3233425,2474.442351042068,0.498808,-7.486845e-10,-2.525487e-05,-0.00041539213,5052.092123009155,21.37447751359267,0.0020613149186239905,3.9187608480736293,1,ハンマーを電波ソングにしてみた - Kana.mp3
[123.046875],0.38039103,-1.0348378,0.07221188382836688,1925.475259032579,0.17584871,2225.154327499911,0.41736028,0.005115622,0.00069448544,0.0004877075,4204.5195758453465,23.159923248111244,0.03508634263272456,1.6987505269230192,0,You Bring Me Joy (Chris Karpas Remix) - remix.mp3
[95.703125],0.43209362,-1.2224708,0.12835961687306502,3137.748071804208,0.22123489,2721.340818822616,0.49690956,0.002669129,2.7713928e-05,-4.2978556e-07,6332.831706233069,22.761645567291154,0.013292389154628007,2.439966050231644,1,Yellow Tower - Nasr Jackson.mp3
[135.99917763],0.26203778,-5.427159,0.053404816902089786,1395.197403632416,0.11848686,1777.3229354894106,0.2557994,0.0027786584,-7.314082e-08,-3.3443107e-06,2673.7188323880127,25.257792421857477,-0.03065068204699088,1.0411829503956016,0,一荤一素 - 毛不易.mp3
[117.45383523],0.5372337,1.9322201,0.08869303889318886,2267.338191530015,0.28414533,2591.176341328515,0.6167537,-0.000894641,-3.3768647e-06,-0.00010123778,4829.980793766931,20.98661948092062,0.007924992370914395,2.635312385318767,2,Воображение - Max Strugay_Belchev.mp3
[117.45383523],0.42592618,2.7420068,0.052737171657314244,1674.3174237317805,0.2028848,2051.644784913658,0.52140045,0.0033868656,-7.38859e-07,9.6974545e-05,3734.9324153746616,23.56274026368132,-0.01616120738715091,1.661042750002182,2,Элджей-Розовое вино（鹿Nero remix） - Killer.mp3
[151.99908088],0.25937137,-3.1794128,0.07035588598103715,1630.9803049324591,0.18014836,1852.0174785592437,0.24734396,0.0030367256,0.0006980171,0.0007425272,3151.107612350039,25.269807951200463,-0.014718039577684966,1.3823933063833949,0,亡夫回忆录 - Toppop.mp3
[117.45383523],0.47699454,-1.5931338,0.07765999903250774,2380.800642078702,0.22505508,2644.827334858542,0.6258576,0.0016516546,8.1630026e-07,-0.00039980432,5165.942095588235,22.72579631055463,0.0031346280431338784,1.8202317467809923,2,World of Fantasies (Original Mix) - Tosel & Hale_Nagoor Babu.mp3
[161.49902344],0.28758922,-0.41166848,0.08619347564345492,2186.428110438215,0.22939709,2465.6520777007704,0.35504314,0.00023365505,-8.055665e-06,-2.3859699e-05,4826.24093059791,25.72363180383639,-0.003298175658938895,2.5309182162914756,1,不怕 - 铁铁元.mp3
[67.99958882],0.2511817,-6.407448,0.08516138980263158,2419.9401999043776,0.065930344,2738.774627907628,0.25739,0.0038282168,0.00014948813,0.00026191826,5555.97807042739,24.812399771787984,0.07828377695830448,0.48883323808956297,0,亡妻回忆录 - Toppop.mp3
[92.28515625],0.31986454,-4.3162093,0.09710243626644736,2445.5644431633173,0.2609598,2539.44669803573,0.36614007,0.0031215472,4.575525e-06,-1.2763447e-05,5245.208282943111,25.107081975825494,-0.00904539431312247,2.797855038705941,1,不知所措 - 杨豪_郑润泽.mp3
[123.046875],0.41062215,-0.07267061,0.07683029883417182,2795.4325891308827,0.23955505,3052.2507065956524,0.35644564,0.0014734688,-6.122128e-05,-0.00025297215,6564.091974500532,23.918343539024793,0.02010706995019946,1.8341794923472898,1,了解(Knowing) - 余佳运.mp3
[67.99958882],0.24797724,-11.038281,0.042727935129643964,1175.1563721548487,0.09202661,1752.429041209079,0.29744506,-0.00040157337,-5.8211515e-07,-2.2533732e-07,1997.9162522070917,26.814238193776916,-0.014307121723828493,0.7408297248063878,0,于是 - 郑润泽.mp3
[123.046875],0.32866633,0.37833267,0.061916707986648604,1678.1698422149343,0.15649271,2125.58365721844,0.35182464,0.0035562518,4.2378856e-06,-4.511705e-05,3627.0247345443113,23.842347113818455,0.02622056552399988,1.6955631503054474,0,与我无关 - 阿冗.mp3
[112.34714674],0.24745865,-7.174393,0.07926570994343227,1614.5733358244993,0.09538141,1928.5292305821772,0.3549178,-1.0929562e-09,-0.0004761154,-0.00047185598,3219.9035877695233,25.41028301716809,0.026064166978713686,0.875416656469885,0,傻66美77之歌 - 花飞飞.mp3
[80.74951172],0.23704246,-10.298295,0.053027525605214156,1630.6055414043478,0.12387876,2043.5148187427128,0.25185534,0.0009219626,-9.520798e-08,-1.4714534e-05,3435.145379604574,28.235624106471693,-0.03376079044603036,0.85526872402375,0,你不在的日子里 (Demo) - 葛羽瞳.mp3
[135.99917763],0.2919848,-9.792587,0.07680205307502498,1956.302711064217,0.12005403,2258.3584219563395,0.2979573,0.0054973247,-1.2318733e-06,-7.26026e-06,3887.491068918666,25.966068034291606,-0.008116532612764103,1.285844377398242,0,一个人想着一个人 - 如懿.mp3
[123.046875],0.3224828,-3.0213797,0.07213811254353715,1719.1231446027516,0.16321991,2066.436656180881,0.34334487,0.0050060335,9.623699e-05,0.0004787738,3688.4693629970493,24.756117428558905,0.0679286213983235,1.6347238809017426,0,伪装 - 大壮.mp3
[161.49902344],0.32816765,-2.9907286,0.09219044782797987,2082.0600776244305,0.1646467,2277.019063863068,0.39765757,0.0039707352,-6.302795e-05,-0.0006934313,4223.146129879789,23.596598506381934,-0.03347781090314274,2.1297106742462995,0,你一定能够成为你想要去成为的人 - 姜云升.mp3
[86.1328125],0.36019754,-8.143305,0.07144030875096749,1812.3283964530328,0.0347611,2204.874694887796,0.35246563,0.0012130948,-1.3012175e-06,-3.9398707e-05,3795.302050327738,24.04670094655877,0.00154540965190593,0.43024294522880546,0,体面 (Live) - 于文文.mp3
[123.046875],0.3927775,1.3321153,0.09169188697271671,2576.1521477373626,0.23535453,2740.1141007777783,0.47990367,0.005447691,-2.1865424e-07,-0.00013590723,5798.17827254257,23.81142646965159,-0.002979845437219261,2.387570728642156,1,今天没回家 - 陶喆.mp3
[143.5546875],0.3503422,0.69857794,0.10032947646575077,2106.4908197627424,0.23465948,2215.557202409266,0.4637901,0.000814095,5.283268e-05,0.00049647596,4205.484570010159,23.966359244270425,0.04973979344123732,2.823354524119962,1,你的前程繁花似锦 - 汉生.mp3
[67.99958882],0.31873342,-6.846018,0.07597860330398606,2015.6808974804992,0.21219286,2431.7167923958955,0.4495416,0.005841122,4.3078955e-05,-0.0003443773,4237.9827068317045,24.236579256030875,-0.02206336369964622,1.9699496939151833,0,你在听吗 - EnjiA (魏恩佳).mp3
[151.99908088],0.28171605,-3.2620425,0.06302108528444272,1632.1628985378406,0.13226388,2045.5626914838276,0.2883673,0.004424702,3.8229538e-07,4.5926563e-06,3678.2777579576236,26.03821507351312,0.003086365052989215,1.2560767400424349,0,借口 - 许成成.mp3
[86.1328125],0.32976785,-4.9810987,0.07051907471458978,1904.9652188468476,0.11960561,2270.805899891556,0.40375775,0.0049841143,1.0073484e-06,-6.40946e-07,3952.0194360124806,24.76542192350602,-0.025885989125399075,1.175344704800205,0,关于我和你 - 余佳运.mp3
[129.19921875],0.32105827,1.1345551,0.08344575391834365,2181.6226489982114,0.17490053,2504.148756449224,0.48528138,0.003619543,2.4160794e-05,-0.00012856832,4898.580378954624,23.850376576592073,0.014347106360889088,1.985939692384466,1,光棍 - 胡歌.mp3
[117.45383523],0.32075652,7.3839912,0.06917743505708204,1678.1376404201278,0.30355197,2131.3810008167293,0.4451706,0.0051138275,-0.0001742998,-0.0018354828,3574.106721198965,22.86251625633651,0.0383264651339337,3.5957048393775075,2,公路之歌 - 痛仰乐队.mp3
[135.99917763],0.2637415,-6.284671,0.08343297999709752,2470.7016382660568,0.117919676,2778.74412538836,0.27874944,0.0031637372,-6.5069926e-08,5.5866093e-07,5776.041739732488,25.623867700317025,0.0013043954186560277,0.9182076437491749,0,再一起 - 余佳运.mp3
[69.83741554],0.30449903,-1.9327021,0.07851502031733747,2027.7158305047165,0.22138238,2404.6078466215927,0.35815877,0.0029780853,-7.074332e-06,-0.00015199745,4595.328879341621,24.920538469692488,-0.07119312169664575,2.332062258937557,0,再见 - Matt吕彦良.mp3
[123.046875],0.38766882,5.7759066,0.07964192204431114,1926.6193396917772,0.24208723,2270.020158308119,0.50736344,0.0051406506,-5.730442e-06,-0.0006713616,4064.1870910833495,22.53900661023663,-0.012454048835939585,3.0761283226602436,2,凄美地 - 郭顶.mp3
[161.49902344],0.2605932,-3.2175102,0.06390059621710527,1837.1738989343296,0.15191026,2356.450767623053,0.29964045,0.004562238,2.1366186e-06,1.2648495e-05,4165.2214801422215,26.61282241459944,-0.05630193872247691,1.4541679066329596,0,别离 - 何秋亊.mp3
[123.046875],0.29015082,-4.575833,0.06417912816853716,1712.0159019559171,0.15298738,2045.948210416719,0.29322723,0.004357345,-4.03045e-06,-4.4200282e-05,3703.2459403117746,26.009096031555007,0.022300300884017576,1.673800093862081,0,凌晨两点半 - 于佰万.mp3
[135.99917763],0.24336188,-2.2713203,0.08198824194562694,2220.6475283487684,0.21603508,2439.6469590321203,0.3446668,0.0036510115,3.4246461e-06,0.0002457451,4663.833465103764,24.854386276925354,0.029581865786103584,2.1072966584632558,0,后继者 - 苏晗.mp3
[123.046875],0.29395324,-2.8229756,0.07498261537345201,1940.2344426013374,0.14268477,2256.658119328095,0.36737746,0.0036781698,8.072042e-08,-6.951905e-05,4204.747907797988,25.47952330998495,-0.02873089519107844,1.445338757798634,0,删了吧 - 郁可唯.mp3
[117.45383523],0.26287565,-2.6239102,0.08138529774574303,2071.5986552164513,0.21306807,2425.1601305161316,0.34497878,0.0037976038,-9.355229e-07,-2.3479071e-05,4478.526252297794,24.80098280625094,-0.0007238669549820786,2.105207967020194,0,哈哈哈 - 孟慧圆.mp3
[143.5546875],0.33699855,-1.4006371,0.06875385485197369,1805.7048609410672,0.1543365,2249.836645983874,0.33053768,0.004964973,9.72573e-07,-2.2405233e-05,3826.555194677583,26.333312191442975,0.013949383572654477,1.552627228196055,0,向云端 - 小霞_海洋Bo.mp3
[75.99954044],0.31938297,-1.9692175,0.07741684101683437,2248.128158750013,0.18035087,2674.5292043825884,0.4041807,0.0052467138,-2.3789235e-05,-0.0001010738,5308.471233734036,24.799471798756326,0.05190939042354603,1.6908100673652446,0,和你 - 余佳运.mp3
[143.5546875],0.26755592,-5.7494154,0.07173660325561146,2093.134845489442,0.06438866,2484.455220167364,0.2330478,0.0021154722,0.00015839965,0.00028611624,4809.569250526074,24.954085599481285,0.07329264182421646,0.5072580410515448,0,及时止损 - Toppop.mp3
[161.49902344],0.35974032,6.3306155,0.09936500761900155,2468.7368950059717,0.3203737,2674.6242174318677,0.568534,0.004773722,-5.9507292e-06,0.0003188627,5494.58344167231,22.397757079019282,-0.003758812480385193,4.001065617214394,1,可愛くてごめん (feat. かぴ) - HoneyWorks_かぴ.mp3
[123.046875],0.3378272,1.3960011,0.0620566164376935,1827.8842049754792,0.2667636,2237.0131021616753,0.53255606,0.0052852477,2.7122965e-06,0.00019642735,3971.0343210320725,24.40757152891263,0.0245359061441869,2.5446148669169846,2,埋葬的回忆 - 苏星婕.mp3
[143.5546875],0.33485734,2.3858547,0.11582787559119125,2580.2939893255816,0.16098177,2699.2712119705893,0.5075376,0.0005579873,-1.1669436e-08,1.1944792e-05,5636.658043203148,24.766806500752367,-0.022681971291781212,1.8485579136757657,1,开心往前飞 - 长乐Raku.mp3
[66.25600962],0.29288772,-0.6121167,0.07214506639415634,1842.5814810090376,0.17350148,2209.2436514817714,0.32689825,0.0054629566,-2.1787455e-06,-0.00023609864,3924.629601635062,24.459724052504537,0.03423918552765918,2.0095307285891817,0,哪里都是你 - 队长.mp3
[135.99917763],0.27122298,-6.387807,0.09350298713235294,2118.019107121131,0.16443032,2242.929026790707,0.30442333,0.0038985559,-4.2130796e-06,-5.1145795e-05,4221.297807723007,25.149920055140598,0.009788334100842021,1.7816737696597185,0,回到夏天 - 傲七爷（江偌绮）_小田音乐社.mp3
[135.99917763],0.355117,3.0765646,0.1391749126612408,2864.1937059477823,0.24632946,2648.3564661566625,0.5332496,1.5230671e-10,-4.2251513e-06,-0.00032479342,5866.059852243934,22.164862262661284,-0.0023442226377101538,3.434522343172024,1,干物妹！小埋（翻自 田中爱美） - RCVO粤语配音组.mp3
[151.99908088],0.36145997,-3.926826,0.08125317458397832,1811.2846966868667,0.150676,2016.7295381251595,0.4188419,0.004954853,-2.8097709e-06,2.0964882e-05,3652.8762448904313,24.059423406350312,0.05913061310941513,1.7491532784003225,0,外白渡桥 - 黄星瑞RA.mp3
[99.38401442],0.3427921,-2.7503474,0.10198262532552084,2075.5915266742722,0.047167387,2285.7958737056356,0.37648967,-8.071462e-11,-1.8868755e-06,-8.3189174e-05,4315.5707359313965,24.016951185313538,0.05748240196271955,0.601857279743228,0,快乐小孩 - 潘延.mp3
[135.99917763],0.29309297,0.15701444,0.06864901799535604,1687.2088794995389,0.16759992,2032.4415132687307,0.29804298,0.004930569,-5.463565e-07,-4.7540107e-06,3371.269614393866,26.149155063465553,-0.013248341504557531,1.7289153765953944,0,大眠 - 王心凌.mp3
[89.10290948],0.31570747,-6.7460647,0.0855316067627709,2000.0698296027645,0.09503457,2278.424127733543,0.36129317,0.004229063,9.6833624e-08,2.4052038e-05,4154.748210139319,25.33934163848897,-0.019782638068551215,1.1969181843748347,0,小芳 (Live) - 李荣浩.mp3
[143.5546875],0.25517955,-8.083726,0.08587740966041021,2336.082385135975,0.08575308,2619.5526155730645,0.28147665,0.003525143,-1.6608751e-06,-2.2839728e-05,5343.794353473298,25.2732342124899,-0.054625951645339656,0.8152370092234217,0,寂寞的季节 (Live) - 陶喆.mp3
[129.19921875],0.35287943,-0.041748267,0.037513680945239936,1133.6103957824516,0.15013325,1648.2365406811866,0.29639202,0.0042714244,0.00016174909,0.0006892269,2256.9213527053503,24.29400193954807,-0.02139919672542134,1.3451937568784729,0,安和桥 - 宇西.mp3
[123.046875],0.31857476,-0.3700462,0.06343929893092105,1738.7773276837672,0.15015328,2151.3573022737714,0.32985958,0.004673266,-3.9213316e-07,-3.435807e-05,3760.5855935867357,24.660249560379967,-0.023542584099080895,1.6475168375992917,0,如果呢 - 郑润泽.mp3
[63.02400915],0.34517983,0.69693166,0.06923760098200464,1923.8765379713543,0.15058953,2302.9056536942503,0.29766503,0.0040664254,-1.5568929e-05,-0.00017378114,4254.41594079552,24.151650484883334,0.05139032047837187,1.6480246058613093,0,太美丽 (Live) - 陶喆.mp3
[117.45383523],0.36634845,2.5500472,0.0725245803502322,2127.600899898886,0.25114906,2570.656788481644,0.42055765,0.0045114877,2.9695052e-06,-4.657752e-05,4841.872388526751,23.7557403031958,0.00588134760046121,2.354973832766763,1,对的人 - 余佳运.mp3
[161.49902344],0.36724174,0.7720505,0.09662571957236842,1604.5639234371945,0.15646611,1586.318655489948,0.51941097,0.0028242855,4.4764034e-05,0.0008873912,2948.278838827883,22.712262005700694,-0.0005676403668841264,2.327579371319328,2,小镇姑娘 (Live) - 陶喆.mp3
[73.828125],0.37763673,3.058455,0.0797254438370743,2180.884872299998,0.19080138,2532.211480594632,0.40035397,0.0021070042,-3.2752146e-06,-0.00031197086,4948.625076341186,22.982035186228178,-0.002967770082787303,2.1698722174511467,2,就是爱你 (Live) - 陶喆.mp3
[129.19921875],0.35323262,1.8481921,0.10113551845491486,2525.646169947071,0.2648299,2615.9203167689025,0.5087534,0.0023401072,3.3009899e-06,-0.00022124451,5393.300720781734,23.852556783975274,-0.008883165798227817,2.751789253763531,1,少女作妖日记 - 纳豆nado.mp3
[123.046875],0.33341962,3.594316,0.053853037925696595,1777.6040234392458,0.2678816,2325.2652647054833,0.3468347,0.0033952885,-1.4628613e-05,-8.367811e-05,3940.4628392269738,25.01952474079264,-0.05094190628860024,2.561431989743509,2,孤身 - 徐秉龙.mp3
[117.45383523],0.27142042,-2.018014,0.11029827484036378,2523.133171665515,0.2565014,2651.304343965354,0.3242868,0.0038478922,0.0040141004,0.0024150095,5458.2269948481035,23.70072195460882,-0.08477151696870763,2.656190152151418,1,岁月神偷 - 汪苏泷_刘乐瑶.mp3
[117.45383523],0.34665704,4.69915,0.11326394095878482,2757.3849812189533,0.22519942,2764.300818410841,0.51137006,0.0034347128,0.007838067,0.0065354593,5887.106068141689,23.093797656604387,-0.011433451592379896,2.547841208788057,1,小鸡哔哔 - 洛天依Official.mp3
[73.828125],0.28263962,-3.4977274,0.04798549970975232,1390.9769401475764,0.18070395,1890.233548273992,0.27965182,0.0042182175,4.2564625e-06,1.5464979e-05,3051.149883447417,26.109123248499444,-0.016786954066526267,1.503667356716208,0,总有一天你会出现在我身边 - 棱镜乐队.mp3
[135.99917763],0.43807516,2.791272,0.12348133949303405,2871.6114778546043,0.14923596,2737.5811939897553,0.59544754,0.0045693563,-9.489584e-05,-0.00095122994,6203.164156981666,21.741294218748628,-0.008042451642584308,1.905029355251346,1,快乐指南 - 孙悦.mp3
[117.45383523],0.40358892,3.7143846,0.10455696413022446,2463.3538090835673,0.23714268,2613.184982922161,0.4434674,0.004158836,-3.8755984e-06,-1.1094842e-05,5350.579312445579,22.908437656301878,-5.852888380332443e-05,2.8011404361632297,1,恋愛サーキュレーション - 花澤香菜.mp3
[143.5546875],0.27818444,-6.9899664,0.03510802655766254,900.2633677662886,0.12218481,1331.4799013586414,0.26162094,0.0012145936,1.4992759e-07,-3.7816768e-05,1697.9047330023704,28.20446720289753,-0.0880008991677563,0.9989683923565613,0,恰似你的温柔 - 岩贵.mp3
[95.703125],0.35927823,0.22566764,0.0591382667376161,1710.050290747793,0.18792456,2117.6913044505227,0.3835989,0.0044161323,5.651868e-07,-0.00017366621,3834.758478406782,23.428022703283382,0.058340603559842774,1.9720076549533472,0,悬溺 - 葛东琪.mp3
[135.99917763],0.310483,-1.9050294,0.10670532604489164,2083.6729589170445,0.21076569,2140.5190717849623,0.38342318,0.0051643243,2.5713109e-05,0.0004438833,4160.91650617381,24.514577984824673,-0.00705979469235752,2.6070335820302994,0,悟空 - 戴荃.mp3
[143.5546875],0.29989186,0.22626548,0.06822067591428019,1916.409430971691,0.21638225,2368.2663379046976,0.30404922,0.0055935946,1.2942671e-05,-0.00018866739,4312.488922969475,24.423424651068437,-0.015593267909088004,2.33562515674328,0,我们的明天 - 鹿晗.mp3
[112.34714674],0.30819643,-3.3469253,0.06607299426760836,1865.0494841377808,0.18775487,2331.6283621874704,0.33126202,0.002914961,-5.4135832e-08,0.00040925544,4029.4189679880997,24.878751397496476,-0.00662129733180278,1.7048743973055571,0,我们的故事 - Tension_陶喆.mp3
[99.38401442],0.39084882,2.168937,0.07387709617614746,2238.456264340252,0.22700767,2573.994196687903,0.4382764,7.475659e-05,-8.063592e-09,2.6578351e-05,5072.29950428009,23.6106936179574,-0.010253928841865111,2.219396475044667,2,我恋爱了·2023 - 火鸡.mp3
[123.046875],0.37449417,-0.49659625,0.03807611140673375,1363.692583951524,0.14357685,1973.7957495820071,0.23535131,0.00442115,1.2499713e-06,2.1605952e-07,2680.3737921463817,25.303272227993876,-0.06691237468707262,1.0942098719580562,0,我用什么把你留住 - 福禄寿FloruitShow.mp3
[123.046875],0.26036346,-6.68252,0.07894283330108359,2105.4521968128047,0.1290455,2447.3042386395186,0.2835004,0.003578221,8.425313e-05,0.00012728338,4479.432913482005,26.18423577061465,-0.08059957243662459,1.042571405572222,0,我又想你了 - 陈信喆.mp3
[143.5546875],0.30710343,-1.368289,0.07607278262867648,2346.9378398007366,0.08417464,2639.171620311089,0.26008892,0.0039103357,0.000112315094,0.00051567086,5071.975997121711,23.80519397364679,0.08335071215878165,0.719868640590987,0,我可以明目张胆地想你 - Toppop.mp3
[73.828125],0.35384035,-1.5554355,0.08028341476393189,2320.440348404033,0.1258025,2777.130922225483,0.38192624,0.005007173,2.56176e-06,2.7211525e-05,5426.89885095177,23.859550556282976,0.020237681009809338,1.120631985893868,0,我想 - 余佳运.mp3
[143.5546875],0.33326778,-1.4063733,0.06263182082043343,1637.382475931237,0.20225625,2149.1561220811454,0.31045812,0.0042310627,-1.5669691e-05,-0.00036457946,3533.0986358359132,25.390349092495967,0.01470743581494063,2.1087740992971997,0,我记得 - 赵雷.mp3
[135.99917763],0.25973734,-3.7332697,0.04688089565595975,1233.5055313399557,0.17342429,1646.19739623128,0.28465208,0.0032838732,-1.7507835e-05,4.6195815e-05,2390.9688754716526,25.955767306254305,-0.011985520176239377,1.4997868300214123,0,搁浅 - 文太Vent.T.mp3
[129.19921875],0.25094518,-10.934026,0.0373382473877709,1083.1635965711873,0.10636339,1690.100100744352,0.26888144,0.0024178221,-2.6431378e-06,-1.1884644e-05,1951.834864188274,27.87392364330266,0.026543361862003585,0.798019094095649,0,斑马斑马 - 房东的猫.mp3
[143.5546875],0.32321092,-0.8713733,0.095206151436726,2165.31743251521,0.18061487,2314.9177294981346,0.40861213,0.0043936474,-8.986138e-07,3.2236447e-05,4657.713502110342,25.19650680549159,-0.04813926518488301,2.183388273439869,0,昨日青空 - 尤长靖.mp3
[129.19921875],0.39271298,6.720748,0.09772805606617647,2784.4763633307152,0.28892085,2896.0367124855748,0.49925599,0.0051578097,-4.2302447e-05,0.00019152234,6298.833578481763,22.165948866765984,-0.026559220597273704,3.180339506593162,1,日不落 - 蔡依林.mp3
[92.28515625],0.29671466,-6.2491345,0.05451886912248452,1402.591849214522,0.0835179,1903.115665473774,0.2965426,0.0043820986,-2.7419937e-06,3.5755022e-06,2800.1580678272544,26.65439309236785,-0.004587365574273141,0.7871032345169173,0,杀死那个石家庄人 - 万能青年旅店.mp3
[107.66601562],0.2942285,-6.547383,0.06340407616582817,1721.4364886357894,0.1368735,2138.2965284619445,0.3110534,0.004711012,-1.5953583e-06,-1.0950369e-06,3518.33205846072,25.605725265774417,0.10840388737817645,1.2692110201987536,0,晚安 - 颜人中.mp3
[143.5546875],0.31533247,-6.4012747,0.0716521744388545,1694.9912066911638,0.09867055,2069.6452905155547,0.41664785,0.0042205723,-1.4717147e-06,4.456624e-06,3437.9358779387576,23.650906245295637,0.0012738562070334386,0.9762066442088823,0,月亮代表我的心 - 张国荣.mp3
[99.38401442],0.33532104,3.8079085,0.08141462485487616,1995.3503903325134,0.26808724,2300.1097946512823,0.4751062,0.0047106557,-0.0005254124,-0.001983661,4363.628613734762,23.21909664108303,0.01043650285967478,3.162304527283901,2,找一个懂我的人去春游 - 黄誉博.mp3
[107.66601562],0.31215757,-3.9469028,0.07926218133223684,2003.7125177676357,0.18380582,2195.971219816679,0.31023183,0.0038607055,1.00263715e-05,-2.2044582e-05,4314.243912357295,25.341548388133567,-0.011054161645938762,1.9548387865737817,0,沦陷 - 李学仕.mp3
[123.046875],0.30871394,0.22113076,0.0655229598006966,1887.9422508579587,0.21165594,2308.3707953770363,0.30946872,0.0050174682,5.454843e-07,9.172242e-05,4111.8418029218265,25.256085222787835,0.047112533876266696,2.143944899532892,0,最好的都给你 - 余佳运.mp3
[129.19921875],0.27953598,-5.725911,0.07022814676857585,2243.792881432423,0.07718634,2633.723306585983,0.26218343,0.002883746,0.00019834843,0.00032699775,4861.235604773365,24.405209915391847,0.03357810867728521,0.6180111265868365,0,暗恋是一个人的兵荒马乱 - Toppop.mp3
[172.265625],0.26559603,-8.104551,0.058165256748258516,1364.1573358728685,0.093013704,1708.3278135211667,0.27951077,0.0023396509,-5.746623e-08,2.833368e-06,2602.2975975957816,26.27726579370424,0.06549651778788063,0.8836247255558701,0,消失的昨天 - 华晨宇.mp3
[107.66601562],0.34546787,1.4460769,0.08576629922116873,2255.1577405258618,0.21944112,2549.8683567763956,0.42307347,0.003215124,-1.2135423e-07,-2.1964746e-05,4913.753620537442,25.423055060501373,0.002359805768655009,2.4103186366853384,1,浪漫爱 - 刘瑞琦.mp3
[71.77734375],0.2268128,-4.941204,0.07375813298181115,2110.7541685953825,0.10704407,2462.6190778553996,0.23741046,0.0011276496,0.00034197548,0.0005825787,4465.916328548278,26.008131327955866,0.09173384772970236,0.8665591978540075,0,提灯定损 - Toppop.mp3
[143.5546875],0.32506463,-3.9887707,0.08514967407604489,2225.3691359480745,0.15205617,2521.204759176026,0.27654368,0.0044855517,-6.013258e-07,-1.1491963e-05,4920.480246529121,26.07309220025897,0.033273026045248594,1.579774468606993,0,故乡 - 许巍.mp3
[78.30255682],0.23446797,-11.868013,0.08443274719427245,2041.0848771839221,0.07098723,2244.800782946886,0.2539056,0.0021899152,0.00049690023,0.00028053176,4019.737359864793,24.735058900779165,-0.10165751779986142,0.5912239771217591,0,深夜emo - Toppop.mp3
[135.99917763],0.2957692,-3.520399,0.05425877999226006,1529.2702582498407,0.19757538,2112.1300129288484,0.27149993,0.0048641446,-3.782696e-05,-0.0004422554,3052.8682063902866,26.135774289532627,-0.011309835509560093,1.5936453220236357,0,无期 - 光头华夏.mp3
[172.265625],0.3511138,2.7526708,0.09887445880901703,2379.402483475549,0.28572026,2603.7662389997276,0.4541975,0.0038560494,-6.396388e-05,-0.00061567826,5337.109393896333,23.295801898376002,0.02583913955407664,3.3826822316696807,1,普通朋友(Live) - 陶喆.mp3
[95.703125],0.37199175,6.19114,0.05415749564628483,1719.5270065490197,0.25835535,2232.8881791930785,0.43791395,0.00070238125,5.2212807e-05,0.00010644684,3886.0565015479874,24.184640143698356,-0.008628458709009086,2.434792185625373,2,滥俗的歌 - 钟楚曦.mp3
[89.10290948],0.3626062,0.5151427,0.10467132473877709,2548.081496796963,0.14224589,2690.8236605496504,0.47035876,0.004472095,-7.732024e-07,-8.67281e-05,5703.933842425745,23.38933014954039,0.023744623626862735,1.6469073697102203,1,普通朋友 (Live) - 陶喆.mp3
[112.34714674],0.3107223,-2.0662363,0.06596339553502321,1610.0865195116887,0.12743716,1974.9130646443034,0.31280446,0.0046420377,-3.0341134e-06,0.00011469564,3269.390230444563,25.32530806250734,0.010471074697396183,1.3718407636139083,0,消愁 - 毛不易.mp3
[135.99917763],0.3107929,-2.5554435,0.03722683460719814,1036.2173426890981,0.15319416,1528.0233419622625,0.25325894,0.0043237293,-8.1815887e-07,4.2524766e-06,1970.1830865724169,26.336856574235465,-0.0001580432780313358,1.3499161225657679,0,水星记 - 郭顶.mp3
[95.703125],0.30515963,-3.7671077,0.06813216548955109,1768.4120360709128,0.14919588,2146.557034504591,0.3194773,0.0027370001,1.859961e-06,1.1408747e-05,3787.3587650263644,25.001652434811426,0.006084517104653353,1.6444706008900374,0,烟火里的尘埃 - 华晨宇.mp3
[143.5546875],0.30104104,-2.3896608,0.07197537732198142,1844.5934150010187,0.2525867,2333.7664096751278,0.30745745,0.0022985865,-4.1831594e-05,-0.0003008426,3936.8495277428406,25.883258270535713,-0.036912689112537665,2.471865336654246,0,流沙(Live) - 陶喆.mp3
[143.5546875],0.31524804,-2.783812,0.07422207575464396,1731.879566418579,0.14443572,2133.586500661066,0.3261659,0.0046206075,-4.3982473e-07,-1.2288479e-05,3518.81538887142,25.661618202220552,-0.027358085991220724,1.5220984104755502,0,漠河舞厅·2022 - 柳爽.mp3
[107.66601562],0.3495589,-3.020827,0.05774915949109907,1917.4598249946632,0.19005765,2397.391552930371,0.2549727,0.004352094,-1.1451392e-06,-2.629657e-06,4209.5995451274675,27.19562970550545,0.026643609803222883,1.5181411950119619,0,爱我的人 - 丁世光_MOE.莫维蒂.mp3
[103.359375],0.3598452,-0.8304673,0.06528063322368421,1961.5913424658747,0.29327247,2369.9237902312725,0.39081088,0.0033393821,-4.81721e-06,9.7509146e-05,4157.156528909878,23.834878768670865,-0.030600664901526926,2.668765361064228,2,热恋舞会 - 赵晨唏_吴三畏_珑熹音上.mp3
[151.99908088],0.36806566,2.860527,0.15117542751064242,3305.715075064091,0.18939693,2971.1667634518153,0.39878237,0.005325942,-3.4526186e-06,-0.00012913595,6972.196173416941,23.760398061383547,-0.0052840891582433816,2.1443580133893447,1,爱丫爱丫 - By2.mp3
[123.046875],0.33722937,1.508937,0.13397908402670278,2599.9655485808003,0.18444607,2462.649265897875,0.57942015,0.0046431357,-3.301849e-05,-0.0002768218,5132.242299366292,22.886180386687318,0.010423808267643157,2.454914915672308,1,爱要坦荡荡 - 萧潇.mp3
[99.38401442],0.32595408,-15.538669,0.0869755133755805,1750.663377549164,0.03717363,1897.1147857014805,0.42334968,0.0032174874,-9.812863e-07,-1.6194426e-05,3447.347487694708,24.021609501641464,0.0030038206789196613,0.35279706282213774,0,爱我还是他 (Live) - 陶喆.mp3
[161.49902344],0.3928486,-1.7658124,0.10163952145414086,2310.6253522484444,0.2198076,2477.7255144581122,0.41573417,0.00022524239,-7.8594024e-07,-2.1870193e-05,4818.992526878144,23.683238908662425,-0.004306236110678097,2.609191170362003,1,独行侠+爱如潮水（remix） - sea蕊_吴炳文.mp3
[135.99917763],0.34261414,-2.217761,0.08883770922020123,1491.0197930838515,0.17205393,1409.7712421064127,0.4294301,0.0036917708,0.00017442777,0.00072075636,2649.7856437753967,23.808348954066314,-0.03215152392938402,2.4364692296023103,0,爱，很简单(Remix) (Live) - 陶喆.mp3
[143.5546875],0.27505267,-5.3206596,0.10634437124095167,1931.297638537879,0.14814006,2000.1007975432328,0.33540663,-9.3587594e-05,0.000130746,0.00037458367,3852.9098578963303,27.39949789916278,0.020523222135890837,1.564364997127617,0,皇家可颂 - 娅娅酱.mp3
[143.5546875],0.32810828,-0.31354442,0.13663008840460528,2986.744383920533,0.11988803,2871.111917675128,0.5326319,0.004088217,9.231488e-08,-0.00063188106,6412.961221700852,22.918777409718867,0.006783147408220005,1.325989369378181,1,猪猪侠 - 陈洁丽.mp3
[161.49902344],0.39926666,6.1137443,0.08824708542956657,2149.1252816649735,0.34580785,2373.1270582585003,0.5105139,0.0044691074,1.8270061e-06,-9.0868496e-05,4663.066803072998,22.6503480030139,0.030847996137548458,4.227082729140922,1,病 - 犬儒乐队.mp3
[66.25600962],0.28234825,-4.413249,0.07123577484036378,1848.590569235216,0.15699206,2191.8627859476924,0.33103892,0.002301779,-4.6381747e-06,-1.795164e-05,3865.1166281685373,25.367326846761724,0.06731227873765087,1.4424469955244204,0,生而为人 - 尚士达.mp3
[143.5546875],0.27001598,-7.5602345,0.0750536655863003,2091.2967096255225,0.117597625,2450.2745948458355,0.21151587,0.0049904077,0.000112418194,0.00011892699,4154.909875828415,24.84889962045257,0.00755967565570978,0.8157240124032297,0,白月光的杀伤力 - Toppop.mp3
[129.19921875],0.33215302,1.0587747,0.08486365917666408,2215.996266812499,0.22043447,2618.201896750389,0.46189022,0.002899372,2.4472783e-07,0.00010678,4864.96724887529,24.036154606617576,-0.0016768066429897598,2.4073553817767213,1,甜酒沼泽 - 雪球.mp3
[60.09265988],0.3245901,-2.351043,0.07094613184500774,1925.6424271606306,0.23215692,2243.2755783274497,0.35968798,0.0040419353,2.5143365e-06,9.0879e-05,4461.3246896466235,25.08115252775681,0.02323411991301237,2.2925247377532103,0,真的吗 - Matt吕彦良.mp3
[67.99958882],0.23398821,-12.569122,0.06270392922794117,1669.784565971527,0.068972304,2072.1628833652876,0.26468682,0.0035517162,3.69867e-05,4.526716e-05,3401.1661002805727,26.712398260705985,-0.06453074764837653,0.5676923321534206,0,第三人称 - 买辣椒也用券.mp3
[67.99958882],0.26673695,-1.3070349,0.04721702363099845,1673.5420794921988,0.20023528,2403.0501792576106,0.29577658,0.00431243,-1.0243182e-06,4.114237e-05,3848.68506086131,26.78869030224252,-0.04622261548607474,1.5485723874474413,0,秋风 - 四熹丸子.mp3
[129.19921875],0.27144462,-4.3073177,0.08200388810952013,1989.1696394614155,0.20756413,2317.3039548176725,0.33125654,0.0039747446,-1.8718299e-07,1.017417e-05,4148.72324657145,25.06722896399888,0.07940410866765976,2.21147690191104,0,算了吧 - Aioz_刘思达LOFTHESTAR_张天枢.mp3
[83.35433468],0.2883883,-5.268612,0.12495102070433436,2815.2197990375576,0.15284568,2598.3663626624825,0.28620338,0.0011516686,7.631222e-06,-0.00027038393,5988.713787067048,24.379800368986697,-0.007793596332913201,1.5509896871688036,0,纯爱战士应声倒地 - Toppop.mp3
[112.34714674],0.31646767,2.4827685,0.07030350534539474,1850.9590374607662,0.22176869,2276.385347271377,0.34052968,0.005194613,2.1102657e-07,3.1835596e-05,3990.6742022723975,24.67178020917077,0.0005561277291532623,2.597189799068424,0,船 - 鹭卓.mp3
[129.19921875],0.2695312,-14.061585,0.09874392293924149,2171.1508331184814,0.03726633,2229.8945097234846,0.2754795,0.021673601,-1.8929859e-06,-1.5564275e-06,4514.439368469427,25.62359828632147,0.05192497406688508,0.3584213182209986,0,黑色柳丁(Live) - 胡彦斌_陶喆.mp3
[151.99908088],0.34023976,-4.176347,0.08998947852167183,2351.2990051508946,0.12572744,2634.6724796606327,0.44744623,0.005074306,-4.857066e-06,0.0001639596,5284.951375955398,22.85495834214553,0.007844084017264006,1.2420489083455875,1,真的走了 - 徐真真.mp3
[143.5546875],0.22185187,-5.5631933,0.09046876511706656,1859.3206744141237,0.21012084,2109.103007291397,0.26158434,0.0038796254,-0.000113651724,-0.0004779064,3630.8147116268383,26.71816751519696,-0.02704905100208022,1.7157455692198242,0,莫问归期 - 孙倩.mp3
[172.265625],0.29640853,1.6899505,0.07951629922116873,2098.345791983124,0.24273111,2430.416677597792,0.4345145,0.0056957994,-1.0701561e-05,-0.0007493968,4886.665451002564,24.160646097922704,-0.04133482255204352,2.63575977417251,1,西湖 - 痛仰乐队.mp3
[172.265625],0.36344337,-1.5916579,0.08823708437172088,2084.2735419068003,0.24512167,2219.059590097126,0.42012176,0.0059686415,5.6633125e-06,1.3454633e-05,4283.247838855916,24.503696607030193,-0.06492653076474032,2.6016904881052447,1,那个女孩 - 宝石Gem.mp3
[69.83741554],0.3724936,0.8508617,0.05357601768092105,1711.8974404047337,0.16408895,2311.2952914780744,0.31179383,0.004698481,-2.581059e-06,-3.7040404e-06,3722.335824877854,24.454422238472876,0.05529996888672956,1.5010211706464254,0,谢谢你来过 - 赫兹乐队.mp3
[161.49902344],0.3601595,-4.394201,0.14824248984133126,3052.7995652493687,0.14147723,2748.53128728174,0.5234312,0.0019338708,-7.450244e-05,-0.0003263004,6022.423583228521,23.031749831790997,0.0036258153523121605,1.5456633745284736,1,轨迹 - D.Joey.mp3
[86.1328125],0.29211712,-7.072922,0.09969682723006966,2333.553556045636,0.08168287,2509.680471068922,0.38679013,0.0038418083,-1.3806012e-06,-1.26612795e-05,5017.772991546536,25.08743128545267,0.08335953084104589,0.9045420482914482,0,花海 - 徐小维.mp3
[95.703125],0.23351723,-2.0111654,0.0776275729247291,2323.559900395742,0.16281287,2627.055488556838,0.23862281,0.002772302,0.0004734132,0.0006690951,5006.161395093605,24.701881456411144,0.08511632412585537,1.1917063206498997,0,请与自己握手言和 - Toppop.mp3
[107.66601562],0.22973825,-6.77141,0.06611910132062694,1345.303560718027,0.13427074,1552.428720810209,0.2812897,0.0047098096,0.00011874243,0.00026512865,2491.5616005345396,27.146509159060138,-0.012777693927625938,1.3036433459615981,0,若把你 - Kirsty刘瑾睿.mp3
[151.99908088],0.28100705,-3.1843095,0.07664299837945046,1905.2739991463807,0.15316626,2222.3381492827684,0.34925252,0.004014706,-0.000105081745,-0.00021733805,4059.9937831063758,25.89731319870052,-0.06440427648169995,1.481657117044681,0,醉清风 (2005版) - 弦子.mp3
[172.265625],0.329893,3.8851519,0.0933641368759675,2285.9361989962954,0.25524914,2495.1235133469086,0.443376,0.004425634,-1.4944428e-06,-8.981102e-05,4933.106836844524,24.237204531547082,0.04243483546562578,2.8720824842606665,1,超喜欢你 - 沈以诚.mp3
[99.38401442],0.4265404,2.257079,0.10442702308888546,2277.273184979955,0.20080276,2418.706947207723,0.5025566,5.6871385e-10,3.1837222e-05,-0.00025148384,4735.779252896553,22.82373672101066,-0.0039870376524294435,1.9455179812494288,2,高老庄（方言完整版） - Nada_韩璧彤.mp3
[172.265625],0.38281336,2.7457366,0.11719487787603022,2749.3085669173565,0.25722262,2710.1609126129333,0.4992712,0.0016340617,-1.3550513e-05,9.740107e-05,5956.592735877404,23.13097119163419,0.0011971185136979423,2.9361480184849293,1,走走走 - Matt吕彦良.mp3
[135.99917763],0.2924493,-0.8197256,0.0930690517366486,2033.9153561072164,0.18787634,2207.6937500299964,0.36661366,0.003754745,-1.5607329e-06,-2.9995479e-05,4262.802556749468,25.865058125544383,-0.0580921663221698,2.2914606376384126,0,还是分开 - 张叶蕾.mp3
[135.99917763],0.254231,-7.486577,0.09826720624516254,2125.227485050172,0.14664976,2319.118008804067,0.31309995,0.0026802474,-2.170699e-07,-4.7334048e-05,4297.579013127661,26.348925501306343,0.03872045388189766,1.576535591461998,0,退后 - D thing.mp3
[135.99917763],0.27801177,-4.506141,0.07968281370936532,2210.661221658945,0.096086256,2457.6412769494677,0.26539302,0.0030158104,0.00012530986,0.00023645164,4586.998929711687,24.32084767557093,0.08751374799621345,0.8129884058166705,0,遗憾意难平 - Toppop.mp3
[129.19921875],0.39073986,3.5692718,0.08020253845781734,2401.096608254439,0.22956458,2718.8337779842577,0.36191037,0.0028435667,2.9090913e-06,-0.00015561315,5585.589558037442,23.18068179065536,0.041804459246580994,2.505893852703567,1,阴霾 - 高旭_Subs 张毅成.mp3
[112.34714674],0.28245834,-1.6864365,0.05695687403250774,1552.180461677767,0.18648769,2068.1884652324648,0.29267564,0.0045543592,9.859987e-07,1.1181073e-05,3133.267720225426,24.943677386717706,0.0021720583972588844,1.7456708276189121,0,阿拉斯加海湾 - 蓝心羽.mp3
[143.5546875],0.3657172,0.036728416,0.09444871081656346,2300.5556280059404,0.20190108,2534.358330766133,0.4195248,0.0044507575,2.11356e-07,7.223979e-05,4973.031595424971,23.32014090640749,-0.015493895472004955,2.2195397204745024,1,说散就散 - 艾福杰尼_黄旭_田羽生.mp3
[123.046875],0.33588898,-3.8519378,0.06303310335236068,1868.5604567613088,0.12396911,2319.6598890168375,0.33742762,0.004554449,-1.38062305e-05,-0.00010576778,4141.994953923181,24.26617083387559,0.07077620944800236,1.18158137499315,0,行李 - 丁世光.mp3
[151.99908088],0.37587592,0.5270353,0.07562486394640093,2244.8402675597777,0.18357347,2681.1160394120684,0.45458058,0.003387366,-5.362247e-06,-6.215115e-05,5242.611631978038,24.17895527903106,0.02006790522151884,1.8237801685604282,1,蝴蝶山 - 丁世光.mp3
[143.5546875],0.26958102,-4.8596206,0.08122089964686532,2157.9293432117083,0.16389538,2493.676993545553,0.3212972,0.004917717,-8.840035e-08,-0.00025030365,4903.233684150058,26.463118806388486,0.06565754851347252,1.6223902952394056,0,谁 (Live版) - 廖俊涛.mp3
[143.5546875],0.3486535,2.5976331,0.10328085695626935,2422.49592332666,0.25102568,2548.950569005423,0.42144647,0.004592326,-2.8022509e-05,-0.00037554634,5285.1413748065015,23.38708196403112,0.021822314974336746,2.927243097999416,1,飞机场的10_30(Live) - 陶喆.mp3
[117.45383523],0.33601794,2.1583006,0.10963576939821981,2561.6367591400085,0.2554558,2622.5782335037384,0.49290395,0.0029871622,-0.0002209519,-7.084466e-05,5479.0052025384575,23.05827374137296,0.01075813911613681,2.6961808067049815,1,马德里不思议 - 蔡依林.mp3
[112.34714674],0.3659123,1.9181589,0.13634656782120744,2889.408585932461,0.20888795,2654.314223399298,0.51536,-0.00020039517,-7.921435e-07,-7.890159e-05,6004.88535594645,23.811808045049943,-0.01251090384847857,2.8242457848140106,1,高阶萌妹成长指南 - Hanser.mp3
[129.19921875],0.31066892,-1.267236,0.0911381488244969,2179.7787142996444,0.14656062,2272.766993694356,0.25577205,0.0033490635,1.6823377e-07,-3.9469604e-05,4541.780869805776,23.731639440962972,0.04034278982068301,1.6923962646144861,0,黑色柳丁(Live) - 陶喆.mp3
[107.66601562],0.24068648,-7.488976,0.0716543664135062,1692.934899510404,0.11163549,2008.9133345013845,0.29219544,0.004431053,2.844599e-06,3.7515085e-05,3264.450260315886,25.843688375617354,0.0010686625136846631,0.9292702766866359,0,默认(十年版) - 金池.mp3
[117.45383523],0.3730046,4.097329,0.055973584437887,1887.4128813491793,0.21931158,2555.7453118951958,0.38061744,0.0029380056,5.8284763e-07,0.00033072013,4521.992656129063,24.497909188996402,-0.020981568993957762,2.032368201474208,2,鼓楼 - 赵雷.mp3
[92.28515625],0.33408883,2.765799,0.06862127817821208,1822.722551724501,0.2589196,2226.8302468528286,0.38024887,0.00565208,-3.713608e-06,-0.00019486375,3812.2336146115517,24.494775751384566,0.04357610598842519,2.6175877626171116,2,귀요미송 - Hari.mp3
[161.49902344],0.30272022,0.032799076,0.08239799003482973,2076.686589391353,0.22344294,2423.062742711301,0.43587774,0.005475265,2.9788575e-06,-0.00024327499,4518.6243431634575,24.613167339410666,0.05119983595065408,2.271312874068049,1,우주를 줄게 - 小白受.mp3
